{"cameraMode":{"drawMode":0,"name":"Shaded","section":"Shading Mode"},"sceneLighting":false,"audioPlay":false,"sceneViewState":{"showFog":true,"showMaterialUpdate":false,"showSkybox":true,"showFlares":true,"showImageEffects":true,"showParticleSystems":true},"in2DMode":false,"pivot":{"x":-20.0,"y":5.508764743804932,"z":-1.9999998807907105},"rotation":{"x":0.45472481846809389,"y":0.16264760494232179,"z":-0.08486184477806092,"w":0.8715328574180603},"size":9.250852584838868,"orthographic":false}