{"cameraMode":{"drawMode":0,"name":"Shaded","section":"Shading Mode"},"sceneLighting":false,"audioPlay":false,"sceneViewState":{"showFog":true,"showMaterialUpdate":false,"showSkybox":true,"showFlares":true,"showImageEffects":true,"showParticleSystems":true},"in2DMode":false,"pivot":{"x":-0.24989156424999238,"y":0.0024990998208522798,"z":0.2499999850988388},"rotation":{"x":0.14495053887367249,"y":-0.02226036787033081,"z":0.0032619377598166467,"w":0.9891831278800964},"size":0.29374247789382937,"orthographic":false}