{"cameraMode":{"drawMode":0,"name":"Shaded","section":"Shading Mode"},"sceneLighting":false,"audioPlay":false,"sceneViewState":{"showFog":true,"showMaterialUpdate":false,"showSkybox":true,"showFlares":true,"showImageEffects":true,"showParticleSystems":true},"in2DMode":false,"pivot":{"x":968.7344360351563,"y":644.52587890625,"z":13.026991844177246},"rotation":{"x":0.06383655965328217,"y":0.02394847571849823,"z":-0.0015323483385145665,"w":0.9976717829704285},"size":570.4442749023438,"orthographic":false}